Entity,Initials,DBplans,DCplans,CSplans,Comment,NPO
"AVON","VR",5,2,0,,0
"BARKHAMSTED","VR",0,1,0,,0
"BETHANY","VR",0,2,1,,0
"BETHEL","VR",2,0,0,,0
"BETHLEHEM","VR",1,0,0,,0
"BLOOMFIELD","VR",2,1,0,,0
"BOLTON","VR",0,1,0,,0
"BRIDGEWATER","VR",0,1,0,,0
"GREENWICH","VR",1,0,0,,0
"CANTON","VR",2,2,0,,0
"CHESHIRE","VR",3,0,0,,0
"BRISTOL","VR",3,0,0,,0
"BROOKFIELD","VR",1,0,0,,0
"CHESTER","VR",2,0,0,,0
"COLCHESTER","VR",1,1,0,,0
"COVENTRY","VR",1,0,0,,0
"CROMWELL","VR",1,0,1,,0
"DANBURY","VR",6,0,0,,0
"DARIEN","VR",2,0,0,,0
"EAST GRANBY","VR",0,2,0,,0
"EAST HAMPTON","VR",1,0,0,,0
"EAST HARTFORD","VR",1,0,0,,0
"EAST LYME","VR",1,1,0,,0
"ELLINGTON","VR",0,1,1,,0
"ENFIELD","VR",2,0,0,,0
"ESSEX","VR",3,0,0,,0
"FARMINGTON","VR",1,0,0,,0
"GLASTONBURY","VR",1,0,0,,0
"GOSHEN","VR",1,1,0,,0
"GRANBY","VR",1,0,0,,0
"GRISWOLD","VR",0,0,1,,0
"GROTON","VR",1,0,0,,0
"GROTON (City of)","VR",1,0,0,,0
"HADDAM","VR",2,0,0,,0
"HAMDEN","VR",1,0,0,,0
"HARTFORD","VR",2,0,1,,0
"KENT","VR",0,1,0,,0
"LEDYARD","VR",1,0,0,,0
"LITCHFIELD","VR",2,0,0,,0
"LYME","VR",0,2,0,,0
"MANSFIELD","VR",0,0,1,,0
"MERIDEN","VR",3,0,0,,0
"MIDDLEBURY","VR",1,0,0,,0
"MIDDLETOWN","VR",1,0,0,,0
"MORRIS","VR",2,0,0,,0
"NEW BRITAIN","VR",2,0,1,,0
"NEW CANAAN","VR",1,0,0,,0
"NEWTOWN","VR",2,1,0,,0
"NORFOLK","VR",1,0,0,,0
"NORTH STONINGTON","VR",0,4,0,,0
"NORWALK","VR",4,0,0,,0
"NORWICH","VR",2,0,0,,0
"STONINGTON","VR",1,0,1,,0
"OLD SAYBROOK","VR",1,0,0,,0
"ORANGE","VR",2,1,0,,0
"PLAINVILLE","VR",2,1,0,,0
"PROSPECT","VR",0,1,1,,0
"REDDING","VR",0,0,1,,0
"SHARON","VR",0,1,0,,0
"SHERMAN","VR",1,0,0,,0
"SOUTHBURY","VR",1,0,0,,0
"SOUTHINGTON","VR",0,0,1,,0
"KILLINGLY","VR",1,0,0,,0
"MONROE","VR",2,0,1,,0
"NAUGATUCK","VR",2,0,0,,0
"SOMERS","VR",,0,0,,0
"STAFFORD","VR",3,0,0,,0
"STERLING","VR",0,1,0,,0
"THOMASTON","VR",1,0,0,,0
"TRUMBULL","VR",2,0,0,,0
"WESTPORT","VR",5,0,0,,0
"WINDSOR","VR",1,0,1,,0
"OXFORD",,0,0,1,,0
"SEYMOUR","VR",0,0,1,,0
"SHELTON","VR",0,1,1,,0
"TORRINGTON","VR",3,0,0,,0
"UNION","VR",0,1,0,,0
"VERNON","VR",3,0,0,,0
"WALLINGFORD","VR",2,0,0,,0
"WATERFORD","VR",1,0,1,,0
"WATERBURY","VR",1,0,0,,0
"CHAPLIN","VR",0,0,0,,0
"WEST HARTFORD","VR",1,0,0,,0
"WETHERSFIELD","VR",1,0,0,,0
"WILLINGTON","VR",1,0,0,,0
"WINDHAM","VR",4,0,0,,0
"WOLCOTT","VR",2,0,0,,0
"WOODSTOCK","VR",0,0,1,,0
"ANDOVER","VR",0,0,1,,0
"ANSONIA","VR",2,0,1,,0
"ASHFORD","VR",0,1,0,,0
"BEACON FALLS","VR",0,0,1,,0
"BERLIN","VR",1,1,0,,0
"BOZRAH","VR",0,0,1,,0
"BRANFORD","VR",1,0,1,,0
"BROOKLYN","VR",2,0,0,,0
"BRIDGEPORT","VR",4,0,1,,0
"BURLINGTON","VR",2,0,0,,0
"CANAAN","VR",0,1,0,,0
"CANTERBURY","VR",0,0,1,,0
"CLINTON","VR",2,0,1,,0
"COLUMBIA","VR",0,1,0,,0
"COLEBROOK","VR",0,1,0,,0
"DEEP RIVER","VR",2,0,0,,0
"DERBY","VR",1,0,1,,0
"EAST HAVEN","VR",0,0,1,,0
"EAST WINDSOR","VR",1,0,0,,0
"EASTON","VR",1,0,1,,0
"FAIRFIELD","VR",2,0,0,,0
"FRANKLIN","VR",0,0,0,,0
"SALISBURY","VR",1,1,0,,0
"VOLUNTOWN","VR",0,0,0,,0
"SPRAGUE","VR",0,0,0,,0
"GUILFORD","VR",3,0,0,,0
"HAMPTON","VR",0,1,0,,0
"HARTLAND","VR",0,1,0,,0
"HARWINTON","VR",1,0,0,,0
"HEBRON","VR",0,1,0,,0
"KILLINGWORTH","VR",2,0,0,,0
"LEBANON","VR",0,0,1,,0
"LISBON","VR",0,0,1,,0
"MANCHESTER","VR",1,1,1,,0
"MILFORD","VR",1,0,0,,0
"MONTVILLE","VR",0,0,1,,0
"NEW FAIRFIELD","VR",2,0,1,,0
"NEW HARTFORD","VR",1,0,0,,0
"NEW HAVEN","VR",2,0,0,,0
"NEW LONDON","VR",2,3,1,,0
"NEW MILFORD","VR",1,,0,,0
"NEWINGTON","VR",4,1,0,,0
"NORTH CANAAN","VR",0,0,0,,0
"NORTH HAVEN","VR",5,0,0,,0
"OLD LYME","VR",0,1,0,,0
"PLAINFIELD","VR",1,0,0,,0
"PLYMOUTH","VR",2,0,1,,0
"POMFRET","VR",0,1,0,,0
"PORTLAND","VR",2,0,0,,0
"PRESTON","VR",0,0,1,,0
"PUTNAM","VR",1,0,0,,0
"RIDGEFIELD","VR",3,1,0,,0
"ROCKY HILL","VR",4,0,0,,0
"ROXBURY","VR",0,1,0,,0
"SALEM","VR",0,0,0,,0
"SCOTLAND","VR",0,0,0,,0
"SIMSBURY","VR",3,0,0,,0
"SOUTH WINDSOR","VR",2,1,0,,0
"STAMFORD","VR",4,0,0,,0
"STRATFORD","VR",1,1,0,,0
"SUFFIELD","VR",1,0,0,,0
"WARREN","VR",1,0,0,,0
"WASHINGTON","VR",1,0,0,,0
"WATERTOWN","VR",2,0,1,,0
"WESTBROOK","VR",3,0,0,,0
"WESTON","VR",0,0,1,,0
"WILTON","VR",1,1,0,,0
"WINDSOR LOCKS","VR",0,0,1,,0
"WOODBRIDGE","VR",0,0,1,,0
"WOODBURY","VR",1,1,0,,0
"WEST HAVEN","VR",1,1,0,,0
"WINCHESTER","VR",1,0,1,,0
"DURHAM","VR",1,1,0,,0
"MIDDLEFIELD","VR",0,0,1,,0
"NORTH BRANFORD","VR",3,1,0,,0
"CORNWALL","KE",0,1,0,,0
"EAST HADDAM","KE",0,1,1,,0
"EASTFORD","KE",0,1,0,,0
"MADISON","KE",3,1,0,,0
"MARLBOROUGH","KE",0,0,0,,0
"THOMPSON","KE",1,0,1,,0
"TOLLAND","KE",0,1,0,,0
