Entity,Initials,DBplans,DCplans,CSplans,Comment,NPO
"ANDOVER","IT",0,0,1,,0
"ANSONIA","IT",2,0,1,,0
"ASHFORD","IT",0,1,0,,0
"BEACON FALLS","IT",0,0,1,,0
"BERLIN","IT",1,1,0,,0
"BOZRAH","IT",0,0,1,,0
"BRANFORD","IT",1,0,1,,0
"BRIDGEPORT","IT",4,0,1,,0
"BROOKLYN","IT",1,0,0,,0
"BURLINGTON","IT",2,0,0,,0
"CANAAN","IT",0,1,0,,0
"CANTERBURY","IT",0,0,1,,0
"CHAPLIN","IT",0,0,0,,0
"CLINTON","IT",2,0,1,,0
"COLEBROOK","IT",0,1,0,,0
"COLUMBIA","IT",0,1,0,,0
"CORNWALL","IT",0,1,0,,0
"DEEP RIVER","IT",2,0,0,,0
"DERBY","IT",1,0,1,,0
"DURHAM","IT",1,1,0,,0
"EAST HADDAM","IT",0,1,1,,0
"EAST HAVEN","IT",0,0,1,,0
"EAST WINDSOR","IT",1,0,0,,0
"EASTON","IT",1,0,1,,0
"FAIRFIELD","IT",2,0,0,,0
"FRANKLIN","IT",0,0,0,,0
"GUILFORD","IT",3,0,0,,0
"HAMPTON","IT",0,1,0,,0
"HARTLAND","IT",0,1,0,,0
"HARWINTON","IT",1,0,0,,0
"HEBRON","IT",0,1,0,,0
"KILLINGWORTH","IT",2,0,0,,0
"LEBANON","IT",0,0,1,,0
"LISBON","IT",0,0,0,,0
"MADISON","IT",3,1,0,,0
"MANCHESTER","IT",1,1,1,,0
"MARLBOROUGH","IT",0,0,0,,0
"MIDDLEFIELD","IT",0,0,1,,0
"MILFORD","IT",1,0,0,,0
"MONTVILLE","IT",0,0,1,,0
"NEW FAIRFIELD","IT",2,0,1,,0
"NEW HARTFORD","IT",1,0,0,,0
"NEW HAVEN","IT",2,0,0,,0
"NEW LONDON","IT",2,2,1,,0
"NEW MILFORD","IT",1,0,0,,0
"NEWINGTON","IT",4,1,0,,0
"NORTH CANAAN","IT",0,0,0,,0
"NORTH HAVEN","IT",5,0,0,,0
"OLD LYME","IT",0,1,0,,0
"PLAINFIELD","IT",1,0,0,,0
"PLYMOUTH","IT",2,0,1,,0
"POMFRET","IT",0,1,0,,0
"PORTLAND","IT",2,0,0,,0
"PRESTON","IT",0,0,1,,0
"PUTNAM","IT",1,0,0,,0
"RIDGEFIELD","IT",3,1,0,,0
"ROCKY HILL","IT",4,0,0,,0
"ROXBURY","IT",0,1,0,,0
"BARKHAMSTED","VR",0,1,0,,0
"BETHANY","VR",0,2,0,,0
"BETHEL","VR",2,0,0,,0
"BETHLEHEM","VR",1,0,0,,0
"BLOOMFIELD","VR",2,0,0,,0
"BOLTON","VR",0,1,0,,0
"BRIDGEWATER","VR",0,1,0,,0
"BRISTOL","VR",3,0,0,,0
"BROOKFIELD","VR",1,0,0,,0
"CANTON","VR",2,2,0,,0
"GROTON","VR",1,0,0,,0
"HADDAM","VR",2,0,0,,0
"HAMDEN","VR",1,0,0,,0
"HARTFORD","VR",2,0,1,,0
"KENT","VR",0,1,0,,0
"KILLINGLY","VR",1,0,0,,0
"LEDYARD","VR",1,0,0,,0
"LITCHFIELD","VR",2,0,0,,0
"LYME","VR",0,2,0,,0
"MANSFIELD","VR",0,0,1,,0
"MERIDEN","VR",3,0,0,,0
"MIDDLEBURY","VR",1,0,0,,0
"MIDDLETOWN","VR",1,0,0,,0
"MONROE","VR",2,0,1,,0
"MORRIS","VR",2,0,0,,0
"NAUGATUCK","VR",2,0,0,,0
"NEW BRITAIN","VR",2,0,1,,0
"NEW CANAAN","VR",1,0,0,,0
"NEWTOWN","VR",2,1,0,,0
"NORFOLK","VR",1,0,0,,0
"NORTH BRANFORD","VR",3,1,0,,0
"NORTH STONINGTON","VR",0,4,0,,0
"NORWALK","VR",4,0,0,,0
"NORWICH","VR",2,0,0,,0
"OLD SAYBROOK","VR",1,0,0,,0
"ORANGE","VR",2,1,0,,0
"OXFORD","VR",0,0,1,,0
"PLAINVILLE","VR",2,1,0,,0
"PROSPECT","VR",0,1,1,,0
"REDDING","VR",0,0,1,,0
"SALEM","VR",0,0,0,,0
"SALISBURY","VR",1,1,0,,0
"SCOTLAND","VR",0,0,0,,0
"SEYMOUR","VR",0,0,1,,0
"SHARON","VR",0,1,0,,0
"SHELTON","VR",0,1,1,,0
"SHERMAN","VR",1,0,0,,0
"SIMSBURY","VR",3,0,0,,0
"SOMERS","VR",3,0,0,,0
"SOUTH WINDSOR","VR",2,1,0,,0
"SOUTHBURY","VR",1,0,0,,0
"SOUTHINGTON","VR",1,0,1,,0
"SPRAGUE","VR",0,0,0,,0
"STAFFORD","VR",3,0,0,,0
"STAMFORD","VR",4,0,0,,0
"STERLING","VR",0,1,0,,0
"STONINGTON","VR",1,0,1,,0
"STRATFORD","VR",1,1,0,,0
"SUFFIELD","VR",1,0,0,,0
"THOMASTON","VR",1,0,0,,0
"THOMPSON","VR",1,0,1,,0
"TOLLAND","VR",0,1,0,,0
"TORRINGTON","VR",3,0,0,,0
"TRUMBULL","VR",2,0,0,,0
"UNION","VR",0,1,0,,0
"VERNON","VR",3,0,0,,0
"VOLUNTOWN","VR",0,0,0,,0
"WALLINGFORD","VR",2,0,0,,0
"WARREN","VR",1,0,0,,0
"WASHINGTON","VR",1,0,0,,0
"WATERBURY","VR",1,0,0,,0
"WATERFORD","VR",1,0,0,,0
"WATERTOWN","VR",2,0,1,,0
"WEST HARTFORD","VR",1,0,0,,0
"WESTBROOK","VR",2,0,0,,0
"WESTON","VR",0,0,1,,0
"WESTPORT","VR",5,0,0,,0
"WETHERSFIELD","VR",1,0,0,,0
"WILLINGTON","VR",1,0,0,,0
"WILTON","VR",1,0,0,,0
"WINCHESTER","VR",1,0,1,,0
"WINDHAM","VR",4,0,0,,0
"WINDSOR","VR",1,0,1,,0
"WINDSOR LOCKS","VR",0,0,1,,0
"WOLCOTT","VR",2,0,0,,0
"WOODBRIDGE","VR",0,0,1,,0
"WOODBURY","VR",1,0,0,,0
"WOODSTOCK","VR",0,0,1,,0
"WEST HAVEN","BP",1,1,0,,0
"GROTON (CITY OF)","BP",1,0,0,,0
"AVON","BP",5,2,0,,0
"CHESTER","VR",2,0,0,,0
"COLCHESTER","VR",1,1,0,,0
"COVENTRY","VR",1,0,0,,0
"CROMWELL","VR",1,0,1,,0
"DANBURY","VR",6,0,0,,0
"DARIEN","VR",2,0,0,,0
"EAST GRANBY","VR",0,2,0,,0
"EAST HAMPTON","VR",1,0,0,,0
"EAST HARTFORD","VR",1,0,0,,0
"EAST LYME","VR",1,1,0,,0
"ELLINGTON","VR",0,1,1,,0
"ENFIELD","VR",2,0,0,,0
"ESSEX","VR",3,0,0,,0
"FARMINGTON","VR",1,0,0,,0
"GLASTONBURY","VR",1,0,0,,0
"Goshen","VR",1,1,0,,0
"GRANBY","VR",1,0,0,,0
"GREENWICH","VR",1,1,0,,0
"GRISWOLD","VR",0,0,1,,0
"CHESHIRE","VR",3,0,0,,0
"EASTFORD","IT",0,1,0,,0
